country,date,price_uah,price_eur
UA,2022-01-01,2723.40189389924,88.07156881695718
UA,2022-01-02,2866.933423770769,92.71320729080895
UA,2022-01-03,2819.958359042294,91.1940897286222
UA,2022-01-04,2977.4789063189482,96.2881163394717
UA,2022-01-05,2758.5437932333843,89.63907055112884
UA,2022-01-06,3175.8572435233878,102.30806690022217
UA,2022-01-07,2857.8796852717182,92.06463754938352
UA,2022-01-08,3084.936917257106,99.37913083383877
UA,2022-01-09,3022.255806716623,97.35990176942352
UA,2022-01-10,3189.8632780203766,102.53662958325839
UA,2022-01-11,2856.3554463993587,91.79699982000767
UA,2022-01-12,3010.5039984071013,96.57656496516451
UA,2022-01-13,3286.301622445845,104.39464359286157
UA,2022-01-14,3085.8012762887442,97.09487265432011
UA,2022-01-15,2498.3327578584103,78.6101499264791
UA,2022-01-16,2680.664337639113,84.3472210903617
UA,2022-01-17,3103.5092531812816,97.01801410426339
UA,2022-01-18,2853.244670412976,89.00341167373132
UA,2022-01-19,2799.9552074385665,86.57709527462589
UA,2022-01-20,2806.4654041576127,87.17274188777554
UA,2022-01-21,2985.725208511,92.97067101704205
UA,2022-01-22,2868.522988051392,89.32118276214293
UA,2022-01-23,2710.6029902662253,84.40380854456761
UA,2022-01-24,2869.6475921868123,89.36955867775397
UA,2022-01-25,2567.2906596269845,80.07918612410042
UA,2022-01-26,3262.380187806575,100.99591629666723
UA,2022-01-27,2637.8264711621573,81.2131190648534
UA,2022-01-28,2514.686912568617,77.75009623564202
UA,2022-01-29,2373.875544527988,73.39643401172387
UA,2022-01-30,2215.108186117188,68.48760129230219
UA,2022-01-31,2456.2923712717775,76.68891831141417
UA,2022-02-01,2796.8860839162035,88.10088967304019
UA,2022-02-02,2553.677108344432,80.08395478931972
UA,2022-02-03,2368.1281676014123,73.67729249364264
UA,2022-02-04,2130.1853940358187,66.73554953464053
UA,2022-02-05,1758.825748646451,55.1014025353057
UA,2022-02-06,1702.4587092421516,53.33550677767879
UA,2022-02-07,1797.2451010888658,55.686226001607004
UA,2022-02-08,2202.2225864636507,68.66410329328802
UA,2022-02-09,1971.0547900038355,61.739198759732346
UA,2022-02-10,2339.0372849560886,73.10405316152294
UA,2022-02-11,1839.644077535179,57.70798743777714
UA,2022-02-12,1978.8539075476642,62.07487515245898
UA,2022-02-13,2006.9918679367725,62.95753777426079
UA,2022-02-14,2076.248623497834,64.92801619559364
UA,2022-02-15,2110.106390182885,65.27501949437254
UA,2022-02-16,2094.6613523286937,65.40032884444987
UA,2022-02-17,2097.076212973847,65.67318717818635
UA,2022-02-18,2131.0875070288926,66.18921408672551
UA,2022-02-19,2018.378223286353,62.6885887550153
UA,2022-02-20,2007.9408169183755,62.364414490785606
UA,2022-02-21,2125.187431222908,66.00780939318263
UA,2022-02-22,2170.850359173538,67.23251041923454
UA,2022-02-23,2455.012945091458,74.61160972077653
UA,2022-02-24,2381.7960404580836,71.8042139737203
UA,2022-02-25,2635.0723146981086,79.43975601051858
UA,2022-02-26,1557.426169877089,46.951863237046226
UA,2022-02-27,990.2803843663049,29.854069536256542
UA,2022-02-28,2411.7517496169735,72.70729136306963
UA,2022-03-01,2303.488790480053,69.44347844573836
UA,2022-03-02,2331.9259087285245,70.30077474182109
UA,2022-03-03,2358.4598763380773,71.1006965887991
UA,2022-03-04,2379.9507818308593,71.74858480016579
UA,2022-03-05,2356.717315809407,71.04816346382222
UA,2022-03-06,2314.3641052582448,69.7713375134756
UA,2022-03-07,2340.4979475982527,70.5591967488854
UA,2022-03-08,2339.563860176019,70.53103673350334
UA,2022-03-09,2318.7963503595997,69.90495679499075
UA,2022-03-10,2346.668013278929,70.745206259709
UA,2022-03-11,2333.9469651069203,70.36170370558717
UA,2022-03-12,2225.6416894155327,67.09661506737973
UA,2022-03-13,2309.5245462713387,69.62543890455551
UA,2022-03-14,2303.075241147892,69.431011137778
UA,2022-03-15,2254.6278592110098,67.97046366856924
UA,2022-03-16,2285.3995751043158,68.89814128445633
UA,2022-03-17,2263.024349819004,68.22359340680191
UA,2022-03-18,2256.537946810523,68.02804724683298
UA,2022-03-19,2247.645722956327,67.75997259498074
UA,2022-03-20,2249.930620155039,67.82885559108006
UA,2022-03-21,2284.4299471958107,68.86890982691986
UA,2022-03-22,2279.7826633165832,68.72880775252206
UA,2022-03-23,2268.1709879613545,70.36470204164341
UA,2022-03-24,2273.3923476559817,70.73845129304816
UA,2022-03-25,2273.510564487036,70.77450213667451
UA,2022-03-26,2251.8265869730894,70.09947878870135
UA,2022-03-27,2305.3727083039166,71.76637233110908
UA,2022-03-28,2282.187794191667,70.88948717110438
UA,2022-03-29,2255.0337732884104,70.31445441753407
UA,2022-03-30,2274.1003883177264,70.14130623371773
UA,2022-03-31,2296.949705358005,70.48971648083833
UA,2022-04-01,2314.315332273223,71.25947453369655
UA,2022-04-02,2308.2147226101915,71.07163226654282
UA,2022-04-03,2318.156831898565,71.3777571380184
UA,2022-04-04,2353.5937139730027,72.8033417977859
UA,2022-04-05,2376.939669565217,73.87306282835708
UA,2022-04-06,2370.1153926949924,73.88255405149681
UA,2022-04-07,2340.5764328506557,73.28936322377045
UA,2022-04-08,2355.2750578890086,73.7766428778304
UA,2022-04-09,2369.125198626416,74.21048472724361
UA,2022-04-10,2322.183013436428,72.74006757954507
UA,2022-04-11,2313.3099498016354,72.79229284829373
UA,2022-04-12,2295.7952255377713,71.97933311400372
UA,2022-04-13,2348.660799397852,73.91490216891953
UA,2022-04-14,2290.137170147481,72.27280149672997
UA,2022-04-15,2343.3076999707,73.69888695549083
UA,2022-04-16,2338.0401680965633,73.5332188974158
UA,2022-04-17,2277.770242023448,71.63768188853989
UA,2022-04-18,2375.7696521226953,74.6545682317374
UA,2022-04-19,2350.899019269805,74.34472067415328
UA,2022-04-20,2315.9331336413193,73.3372958669415
UA,2022-04-21,2343.355170572143,73.97258001660875
UA,2022-04-22,2293.5028892054133,72.06290655573403
UA,2022-04-23,2297.0934758444755,72.17572442514629
UA,2022-04-24,2269.107456561134,71.29639093837613
UA,2022-04-25,2324.705633462058,73.43486950509867
UA,2022-04-26,2272.636000893956,72.26739086270356
UA,2022-04-27,2271.942927213786,72.76667405071973
UA,2022-04-28,2308.7593073593075,74.55715753445867
UA,2022-04-29,2333.4080832631234,76.03922466143936
UA,2022-04-30,2272.634484940521,74.0587835506526
UA,2022-05-01,2189.676991942751,71.3554315340667
UA,2022-05-02,2317.3238212187794,75.12120219979315
UA,2022-05-03,2345.5425600000003,76.23838600528508
UA,2022-05-04,2335.2016825151477,75.74740770043427
UA,2022-05-05,2346.9663724372613,76.19773294494534
UA,2022-05-06,2323.1905380135117,75.28283147858882
UA,2022-05-07,2208.5217524801174,71.56699727734141
UA,2022-05-08,2153.267455218271,69.77648553016968
UA,2022-05-09,2196.415751347973,71.06692652785912
UA,2022-05-10,2252.7108848108323,72.99539499079204
UA,2022-05-11,2220.01587330185,71.90870488495827
UA,2022-05-12,2214.21628193452,71.76501625200608
UA,2022-05-13,2190.8812659123055,72.02628940660749
UA,2022-05-14,2262.212913124163,74.37135207425138
UA,2022-05-15,2289.5125082820637,75.26883957031947
UA,2022-05-16,2373.0262580212784,78.1196919366516
UA,2022-05-17,2345.7608460874244,76.96267769782098
UA,2022-05-18,2347.2711012264003,76.10631934460802
UA,2022-05-19,2326.7735997764107,75.67875518862694
UA,2022-05-20,2308.910500022937,75.04064181973092
UA,2022-05-21,2222.1394492537856,72.22054318835266
UA,2022-05-22,2190.2122462956045,71.18289456513106
UA,2022-05-23,2280.310177124941,73.75348266786148
UA,2022-05-24,2200.5483548910915,70.5792585537132
UA,2022-05-25,2268.4855833780944,72.37453087472426
UA,2022-05-26,2209.606390701234,70.86319013964248
UA,2022-05-27,2203.7851606181466,70.37272314122049
UA,2022-05-28,2163.5875923434755,69.08910784436901
UA,2022-05-29,2248.479676468421,71.79993793786608
UA,2022-05-30,2302.088048453724,73.50146864665165
UA,2022-05-31,2308.694792430894,73.28468602870491
UA,2022-06-01,2281.502555926579,72.80678558885445
UA,2022-06-02,2347.67283188466,74.94637879643412
UA,2022-06-03,2284.138725455194,73.02047023909856
UA,2022-06-04,2210.597745074059,70.66947600681756
UA,2022-06-05,2195.483108659513,70.18628387571653
UA,2022-06-06,2242.974576035049,71.46053142116789
UA,2022-06-07,2248.715640206144,71.64024467826768
UA,2022-06-08,2216.7725069570756,71.0729528586659
UA,2022-06-09,2223.0478268936986,70.77290843633436
UA,2022-06-10,2222.9735282511556,70.81021897122184
UA,2022-06-11,2216.3788969237994,70.6001547116209
UA,2022-06-12,2177.211793612263,69.35253249448174
UA,2022-06-13,2264.9609443256945,73.22221934476119
UA,2022-06-14,2274.5339318492906,74.42213463021115
UA,2022-06-15,2351.6686368260425,76.9348852300207
UA,2022-06-16,2251.1986075797195,73.57771904941528
UA,2022-06-17,2236.531641380231,73.59796111621931
UA,2022-06-18,2202.8662162162163,72.4901267326856
UA,2022-06-19,2188.977018932484,72.03307234422506
UA,2022-06-20,2270.0598290688076,73.96765154232524
UA,2022-06-21,2245.9207341651713,72.93087020591425
UA,2022-06-22,2247.877937951707,72.83879128841276
UA,2022-06-23,2260.35730221024,73.49751585832958
UA,2022-06-24,2241.8768238375897,72.94523027938679
UA,2022-06-25,2210.8068025579532,71.93428720127915
UA,2022-06-26,2223.435002145002,72.34517816419766
UA,2022-06-27,2307.41647608798,74.9954977049728
UA,2022-06-28,2356.7486418531985,76.2400813223646
UA,2022-06-29,2344.63715903439,75.84116367193991
UA,2022-06-30,2322.3497270811467,75.4558421410749
UA,2022-07-01,2374.454948660104,78.10270309423827
UA,2022-07-02,2259.6690006224885,74.3270606782676
UA,2022-07-03,2254.644117160253,74.16177770191312
UA,2022-07-04,2366.3524460711783,77.51924412209848
UA,2022-07-05,2399.2963288340757,78.45555264714979
UA,2022-07-06,2649.66625405069,87.98931555782922
UA,2022-07-07,2804.691632361062,94.07865344929468
UA,2022-07-08,2885.5010327584196,96.79413877427966
UA,2022-07-09,2449.0108375286604,82.152074172316
UA,2022-07-10,2548.9446992255625,85.50435579256985
UA,2022-07-11,2669.506897255496,89.87936087187286
UA,2022-07-12,2687.5271366389547,91.06896559030577
UA,2022-07-13,2694.8882028036473,91.76430417310452
UA,2022-07-14,2689.597822498537,91.32946078692731
UA,2022-07-15,2668.6080688206193,91.15530680436883
UA,2022-07-16,2623.144590125834,89.60234839236472
UA,2022-07-17,2644.8895892063233,90.34512215738548
UA,2022-07-18,2585.6028820670113,87.89395634769375
UA,2022-07-19,2630.0235396898383,88.65895395809262
UA,2022-07-20,2616.299083350328,87.21578383059965
UA,2022-07-21,2743.3255627224826,92.03813820932695
UA,2022-07-22,2711.375513988215,72.75169146361213
UA,2022-07-23,2776.220012267302,74.49160056420507
UA,2022-07-24,2653.2097871639116,71.19098731553416
UA,2022-07-25,2690.020631849184,72.27799224157279
UA,2022-07-26,2667.250620938497,71.2949392817315
UA,2022-07-27,2720.6270875974274,73.41775565071532
UA,2022-07-28,2686.341698187713,72.36054180505846
UA,2022-07-29,2710.1626326032124,73.2545682051873
UA,2022-07-30,2707.2649777291804,73.17624579971564
UA,2022-07-31,2787.459400608834,75.34386767961387
UA,2022-08-01,2724.35014858841,72.96747548882219
UA,2022-08-02,2782.871220542907,74.38187009814443
UA,2022-08-03,3010.3494598544953,80.53283164049864
UA,2022-08-04,2951.8604544658074,79.2471288864556
UA,2022-08-05,2958.298636182946,79.50193054046574
UA,2022-08-06,2959.2160896377077,79.52658637471534
UA,2022-08-07,3140.9683980906234,84.41103557313608
UA,2022-08-08,2997.558297805194,80.1122029506693
UA,2022-08-09,3027.3468368963145,81.17016532193043
UA,2022-08-10,3012.5821234864648,80.59255983045834
UA,2022-08-11,3067.1358279932665,81.76804783747534
UA,2022-08-12,2954.794911240101,78.26939550218006
UA,2022-08-13,2952.7321321442437,78.21475466322602
UA,2022-08-14,2689.56116931633,71.24363389409535
UA,2022-08-15,2802.3602099902328,74.5421569224652
UA,2022-08-16,2880.126461879814,77.25308829478843
UA,2022-08-17,2888.7360858085813,78.00437679390224
UA,2022-08-18,2905.2496958831175,78.15315345439846
UA,2022-08-19,2945.7832796821804,79.15006246173677
UA,2022-08-20,2724.8349355787163,73.21341554095811
UA,2022-08-21,2740.2100868904245,73.62652949780411
UA,2022-08-22,2875.8275116512787,78.2663750548055
UA,2022-08-23,2848.3101470490014,77.88950484976186
UA,2022-08-24,2998.394640871923,82.60495456697126
UA,2022-08-25,3190.528923466543,87.88052773194389
UA,2022-08-26,3272.6215071677984,89.70805210323782
UA,2022-08-27,3269.0045132139185,89.6089042239731
UA,2022-08-28,3151.6906115288516,86.3931331420597
UA,2022-08-29,3185.1348486320694,87.15246106028916
UA,2022-08-30,3322.08764692146,90.88164487939649
UA,2022-08-31,3330.9052632385506,90.86831394350101
UA,2022-09-01,3225.504099028986,88.19985832883933
UA,2022-09-02,3203.4670391819704,87.56661634799501
UA,2022-09-03,3136.5821662188223,85.73832158528565
UA,2022-09-04,3032.3924625683176,82.89030108269142
UA,2022-09-05,3237.8431140641724,88.62571786927136
UA,2022-09-06,3319.5902921449915,91.54611493613018
UA,2022-09-07,3329.495545151776,91.75450010063591
UA,2022-09-08,3404.141330407512,94.20073360639101
UA,2022-09-09,3512.04331492965,95.82891025781397
UA,2022-09-10,3568.2311205209767,97.36203946402439
UA,2022-09-11,3389.743585937207,92.49186435511942
UA,2022-09-12,3602.6419891030023,98.13468339642952
UA,2022-09-13,3676.167894625829,99.09609657454317
UA,2022-09-14,3670.1401680891445,98.61753089644873
UA,2022-09-15,3689.1985515710876,100.95499963251748
UA,2022-09-16,3659.0810504223045,100.21118238968671
UA,2022-09-17,3544.460505570839,97.07207173118144
UA,2022-09-18,3379.9930252466806,92.56780400908922
UA,2022-09-19,3544.6011184477934,97.21703418880584
UA,2022-09-20,3607.631362659801,98.82188774186997
UA,2022-09-21,3553.46132047676,97.28926782360321
UA,2022-09-22,3595.7024061026855,99.30575242492586
UA,2022-09-23,3603.7555507760753,99.89121958643993
UA,2022-09-24,3540.606262390307,98.1408069005651
UA,2022-09-25,3345.580353079533,92.73495301910182
UA,2022-09-26,3589.38529775261,100.64054511522679
UA,2022-09-27,3602.0318445764933,102.22154933172028
UA,2022-09-28,3579.8879609391593,101.53521399468937
UA,2022-09-29,3532.346172685922,100.99862677876612
UA,2022-09-30,3539.9183979337167,99.5446821930063
UA,2022-10-01,3538.1730047648393,99.49560066378258
UA,2022-10-02,3499.140882900318,98.39799339447652
UA,2022-10-03,3524.534723170367,98.90349177295964
UA,2022-10-04,3528.5722431756362,98.8190751266022
UA,2022-10-05,3537.2603437354182,97.80028709571998
UA,2022-10-06,3541.9375404590005,97.80116193968361
UA,2022-10-07,3491.981667649384,96.79299903676005
UA,2022-10-08,3475.9780346781426,96.34940002101472
UA,2022-10-09,3482.9276615081103,96.54203425769776
UA,2022-10-10,3529.9139546822303,98.60921179658156
UA,2022-10-11,3619.2533106689793,102.06954317752707
UA,2022-10-12,3641.9050845788033,102.45467442867238
UA,2022-10-13,3634.7271460507027,102.37918197683275
UA,2022-10-14,3565.885043137582,100.0792869931346
UA,2022-10-15,3578.3608278497695,100.42942941880769
UA,2022-10-16,3438.265836389137,96.49755649327085
UA,2022-10-17,3584.4064143358005,100.8734360434123
UA,2022-10-18,3499.5787780291203,98.24868269236936
UA,2022-10-19,3673.5272915826895,102.19827713882255
UA,2022-10-20,3608.8791245727734,100.91294812058433
UA,2022-10-21,3571.0039417357393,99.50800415017696
UA,2022-10-22,3591.522145937578,100.07975528296296
UA,2022-10-23,3550.361279225179,98.93278491763442
UA,2022-10-24,3575.253158367447,100.32165639298182
UA,2022-10-25,3489.683110837928,97.0491355401157
UA,2022-10-26,3474.6267380898103,96.30233417838524
UA,2022-10-27,3416.6525840761374,93.24492542857281
UA,2022-10-28,3459.6404121899823,94.16908679672014
UA,2022-10-29,3464.8833285453484,94.31179545615097
UA,2022-10-30,3447.8715973516946,93.84874756663822
UA,2022-10-31,3457.372803127708,94.95798632575857
UA,2022-11-01,3487.1437864898444,96.22972171219047
UA,2022-11-02,3424.04267402657,94.20323528028334
UA,2022-11-03,3531.44297865949,97.50142130072528
UA,2022-11-04,3497.2630491390482,98.15831712376082
UA,2022-11-05,3510.4355317246705,98.52803158469189
UA,2022-11-06,3519.44484263683,98.78089755020743
UA,2022-11-07,3524.201264721649,97.94426791178986
UA,2022-11-08,3481.881673629759,95.37233104882338
UA,2022-11-09,3458.9828125412323,94.66938932716339
UA,2022-11-10,3493.284240714756,95.05638811619055
UA,2022-11-11,3407.689958523395,93.66391600604129
UA,2022-11-12,3402.2657242559,93.51482526450916
UA,2022-11-13,3407.492002131983,93.65847496796452
UA,2022-11-14,3420.0965637460768,90.7134481209605
UA,2022-11-15,3415.7599673214627,90.45351663607546
UA,2022-11-16,3420.437573476399,89.87244930151238
UA,2022-11-17,3464.859752899413,90.95671841388723
UA,2022-11-18,3380.37261156075,89.50338014252108
UA,2022-11-19,3362.824665291819,89.03875665685644
UA,2022-11-20,3373.802813070362,89.32942914974178
UA,2022-11-21,3397.7022443659466,89.67137612932882
UA,2022-11-22,3411.43577679807,91.09769993132015
UA,2022-11-23,3411.4444209229573,90.84079823302802
UA,2022-11-24,3417.0963600712275,90.52846148532505
UA,2022-11-25,3166.8961640740827,83.18263913452766
UA,2022-11-26,3364.335407338097,88.36863718199648
UA,2022-11-27,3412.0561013574024,89.62208316323463
UA,2022-11-28,3433.6647225780807,90.45481355579771
UA,2022-11-29,3493.661754394065,91.21355945888112
UA,2022-11-30,3388.071877779949,89.31397037464542
UA,2022-12-01,3116.8332641308552,82.1954035657059
UA,2022-12-02,3268.097215533923,85.54108665184984
UA,2022-12-03,3341.8974742862206,87.47277775909488
UA,2022-12-04,3205.562496550029,83.90426636696844
UA,2022-12-05,3266.7947456367065,84.76462510344442
UA,2022-12-06,3287.617166518882,84.87393066579793
UA,2022-12-07,3412.2591279234207,88.66096584066717
UA,2022-12-08,3379.1152186272225,87.71636880184468
UA,2022-12-09,3394.2593518927615,88.2476191834927
UA,2022-12-10,3363.180195472623,87.4395897208121
UA,2022-12-11,3250.9451566517887,84.5215820089434
UA,2022-12-12,3310.1240158782666,85.75450818337478
UA,2022-12-13,3334.015480504048,86.37345804414633
UA,2022-12-14,3339.9020556784662,86.57530342885754
UA,2022-12-15,3373.3529050601787,86.65776730110174
UA,2022-12-16,3381.361268746087,87.02714176228729
UA,2022-12-17,3350.7444680099766,86.23914768351283
UA,2022-12-18,2636.5954133650284,67.85887238065037
UA,2022-12-19,3413.6136723933155,87.89433134282707
UA,2022-12-20,3418.4307108837124,88.1345496727911
UA,2022-12-21,3412.7297133508514,87.92953005250557
UA,2022-12-22,3365.423936981502,86.58019009177893
UA,2022-12-23,3390.7023350742693,87.17310007338172
UA,2022-12-24,3357.817961601786,86.32766084095067
UA,2022-12-25,3396.953264652466,87.3338080494358
UA,2022-12-26,3351.268527017182,86.29727885402437
UA,2022-12-27,3415.0639601846856,87.91922293180492
UA,2022-12-28,3422.270136235071,88.00958041195804
UA,2022-12-29,3403.8377411411166,87.40406641231102
UA,2022-12-30,3435.883150363017,88.21039640479108
UA,2022-12-31,3446.705107738328,88.48823156628399
UA,2023-01-01,2974.7987452889397,76.37284653253933
UA,2023-01-02,3486.5478609712877,89.31392937396028
UA,2023-01-03,3493.4021259996703,89.56499767972265
UA,2023-01-04,3523.355070422536,91.42595245246319
UA,2023-01-05,3510.6186758306176,90.50295502797408
UA,2023-01-06,3494.8088821873694,90.12512171263519
UA,2023-01-07,3422.567236079164,88.26213367302944
UA,2023-01-08,3492.7905466852585,90.07307230480869
UA,2023-01-09,3514.3223441923074,91.58248949640267
UA,2023-01-10,3500.1611113610124,89.55781231493759
UA,2023-01-11,3528.4440384747086,90.02028361175492
UA,2023-01-12,3496.566459439651,89.03277737873674
UA,2023-01-13,3484.9848389128397,88.54803056413957
UA,2023-01-14,3464.888490514482,88.03741368789494
UA,2023-01-15,3457.6377773270237,87.8531843719548
UA,2023-01-16,3484.660537114955,88.13870202460423
UA,2023-01-17,3480.725969354196,87.9902212025905
UA,2023-01-18,3514.938903968623,88.56048052690305
UA,2023-01-19,3516.0486518608914,88.81759179991793
UA,2023-01-20,3484.3007957567975,88.1621597296863
UA,2023-01-21,3448.6820938244523,87.26091099336948
UA,2023-01-22,3295.7538723408993,83.39141662995837
UA,2023-01-23,3494.572187693784,88.34024353277292
UA,2023-01-24,3543.96115269723,89.15199406059155
UA,2023-01-25,3512.1440970165354,88.41677274439577
UA,2023-01-26,3478.7980525145335,87.48853963152924
UA,2023-01-27,3444.02712654293,86.43930413753206
UA,2023-01-28,3396.22510734112,85.23955363489269
UA,2023-01-29,3421.4957606134485,85.87380464503312
UA,2023-01-30,3423.225283713954,86.12277496122981
UA,2023-01-31,3417.835477509099,85.71116298717276
UA,2023-02-01,3402.251039315958,85.92693060727719
UA,2023-02-02,3408.483828589603,85.57085150969446
UA,2023-02-03,3360.359540368914,83.64846363097337
UA,2023-02-04,3286.167264371682,81.80161664156692
UA,2023-02-05,2870.869940362743,71.46373979057121
UA,2023-02-06,2976.467030084421,74.43791511718933
UA,2023-02-07,3103.8736123772687,78.76952156168124
UA,2023-02-08,3388.325257176217,86.55057683375396
UA,2023-02-09,3442.004828791854,87.68009366095347
UA,2023-02-10,3468.724631927602,88.07759345313924
UA,2023-02-11,3451.9237120807607,87.6509857673379
UA,2023-02-12,3366.3228972343013,85.47741635225456
UA,2023-02-13,3402.002890518907,87.08703808375162
UA,2023-02-14,3417.795829648488,87.41769456326878
UA,2023-02-15,3272.1098865246922,83.17407980388386
UA,2023-02-16,3440.2246221168184,87.93378359264827
UA,2023-02-17,3421.1058079836084,87.48601975173274
UA,2023-02-18,3148.0197371917584,80.50254285152538
UA,2023-02-19,2940.6207638952774,75.19884524826436
UA,2023-02-20,3257.818207176429,83.88288202381779
UA,2023-02-21,3226.6661262988546,82.68372256955567
UA,2023-02-22,3058.1649277594565,78.44666857581204
UA,2023-02-23,2883.5484977381516,74.06476024683947
UA,2023-02-24,2542.6598641729256,65.49347847474637
UA,2023-02-25,2419.1404332753323,62.311882185485764
UA,2023-02-26,2385.027333990022,61.433201727580276
UA,2023-02-27,2821.670097844638,73.02421048143222
UA,2023-02-28,3104.848296754733,80.41356858808973
UA,2023-03-01,3406.019553522597,87.73177704826763
UA,2023-03-02,3476.8892449969157,88.97898025348213
UA,2023-03-03,3500.9472252350165,90.2661932472087
UA,2023-03-04,3398.388156572769,87.62187554816121
UA,2023-03-05,3225.2188842844853,83.15698933560104
UA,2023-03-06,3429.0723658871743,88.3672217325479
UA,2023-03-07,3408.615302522552,87.5966988204991
UA,2023-03-08,3116.458760825339,79.88216195609021
UA,2023-03-09,3244.054530359047,84.11455697625819
UA,2023-03-10,3331.542552800327,86.26447245865047
UA,2023-03-11,3348.656144892635,86.70759901949076
UA,2023-03-12,3060.995875591487,79.2591390387774
UA,2023-03-13,3340.300633006688,86.2177714713697
UA,2023-03-14,3278.8159643155905,83.84732139736991
UA,2023-03-15,3061.0968514213655,77.9444514122081
UA,2023-03-16,3112.1133112992684,80.5864916710282
UA,2023-03-17,3095.415477249967,79.94977599633152
UA,2023-03-18,3064.940727486136,79.16266052344282
UA,2023-03-19,3113.815039694755,80.42500812807694
UA,2023-03-20,3241.4945722903562,83.43121442721167
UA,2023-03-21,3244.111019607075,82.86680254944828
UA,2023-03-22,3247.7981881366313,82.3837522483596
UA,2023-03-23,3108.0542285556967,78.83180378009905
UA,2023-03-24,2993.6178955439395,75.27989376847191
UA,2023-03-25,3079.2769248749914,77.43394376862413
UA,2023-03-26,2941.1639754659527,73.96084582414728
UA,2023-03-27,3173.4105345117596,80.73274721712237
UA,2023-03-28,3122.846240216576,79.28038000138551
UA,2023-03-29,3221.622561639782,81.3313076799125
UA,2023-03-30,3175.3366138546635,79.98550624462298
UA,2023-03-31,3228.155241957792,81.14775929227355
UA,2023-04-01,3264.5319140658066,82.06217796511436
UA,2023-04-02,3134.0794094360213,78.78292785124687
UA,2023-04-03,3274.81537021218,82.41162258664228
UA,2023-04-04,3165.3920759186112,79.61047448300121
UA,2023-04-05,3182.5461789477204,79.83249038506472
UA,2023-04-06,3286.1306048114493,82.12205873796579
UA,2023-04-07,3102.739884807186,77.73446019269106
UA,2023-04-08,2973.11137908817,74.48681382472003
UA,2023-04-09,2745.144727875288,68.77545379072541
UA,2023-04-10,3080.316672006178,77.17268047296426
UA,2023-04-11,3062.2728178079856,76.89322831909567
UA,2023-04-12,2977.9966941632124,74.66738611614359
UA,2023-04-13,2729.8224652532394,68.34449028101272
UA,2023-04-14,2709.6158151322184,67.29640733093957
UA,2023-04-15,2481.670916080456,61.63513509820103
UA,2023-04-16,2085.3454312643744,51.791938467569565
UA,2023-04-17,2390.56440967085,59.14691221283037
UA,2023-04-18,2671.9002837182315,66.55922506721515
UA,2023-04-19,3037.207660345986,75.72837538824001
UA,2023-04-20,3065.197781488901,76.69187322485158
UA,2023-04-21,2724.946193370104,68.01075697766967
UA,2023-04-22,2328.980952675576,58.12803128495638
UA,2023-04-23,2307.742625627498,57.597953038643304
UA,2023-04-24,2531.0433661668903,63.03890029182428
UA,2023-04-25,2448.013907598235,60.85181889722202
UA,2023-04-26,2215.469352546534,54.99380309058115
UA,2023-04-27,2456.202214258317,60.80942701880868
UA,2023-04-28,2472.513465423211,61.2825890339639
UA,2023-04-29,2484.120162968546,61.57026733608814
UA,2023-04-30,2550.051816776941,63.20441918244741
UA,2023-05-01,2610.849994896016,65.05623900249715
UA,2023-05-02,2717.1686491436326,67.47494118704901
UA,2023-05-03,2742.6941448437524,68.38510731011236
UA,2023-05-04,2907.6403669959846,72.02495837235128
UA,2023-05-05,2781.213802865313,68.681781659233
UA,2023-05-06,2625.970127648273,64.8480554659253
UA,2023-05-07,2719.895212791606,67.16752554172217
UA,2023-05-08,2933.3558865990685,72.85994323423799
UA,2023-05-09,2933.749283941312,72.71114513585088
UA,2023-05-10,2873.4405208514204,71.67778431241584
UA,2023-05-11,2878.8648449568577,71.89182120238678
UA,2023-05-12,2834.9414776543344,70.92442521645114
UA,2023-05-13,2730.1051968981774,68.30163634653309
UA,2023-05-14,2759.906730380675,69.04720963242815
UA,2023-05-15,2820.2976071552703,70.81068694572683
UA,2023-05-16,2965.6686265947487,74.57012101007156
UA,2023-05-17,2985.361077872213,74.98947706810814
UA,2023-05-18,2919.0274280613994,73.72268076438007
UA,2023-05-19,2905.1707592135135,73.46103150960533
UA,2023-05-20,2779.0674679231856,70.27234532805655
UA,2023-05-21,2748.400630642519,69.49689435236766
UA,2023-05-22,2990.170098176279,75.66621956572286
UA,2023-05-23,2984.4183226833684,75.42295181551688
UA,2023-05-24,2967.998676194951,75.33526941495718
UA,2023-05-25,2980.8441450452538,75.63674562408663
UA,2023-05-26,3081.639194562249,78.52590472235599
UA,2023-05-27,3026.574597183401,77.12275625027777
UA,2023-05-28,2908.438743696962,74.11243473322942
UA,2023-05-29,3007.5062756688712,76.49437200143633
UA,2023-05-30,3058.863869419025,78.08024498273237
UA,2023-05-31,3053.1319258235626,77.72699542832171
UA,2023-06-01,3013.2717913734523,77.15397888054763
UA,2023-06-02,2964.5176354549685,75.71777921687588
UA,2023-06-03,3066.3307190864643,78.31822270744594
UA,2023-06-04,2953.443407177376,75.43492848875353
UA,2023-06-05,3154.824779358101,80.18158845519496
UA,2023-06-06,3115.9043025151846,79.70348937335643
UA,2023-06-07,3130.637672334407,80.16669412608977
UA,2023-06-08,3203.4260070233586,81.75112496901524
UA,2023-06-09,3173.109053493525,80.81903966678959
UA,2023-06-10,3044.273723193475,77.5376057499376
UA,2023-06-11,3186.0676391170377,81.14909464689785
UA,2023-06-12,3351.423880293091,85.04382032909623
UA,2023-06-13,3389.850176967263,86.1308071491034
UA,2023-06-14,2805.2960832257477,71.07035306522195
UA,2023-06-15,2767.347448010472,70.04719297161944
UA,2023-06-16,2685.104486309122,67.85861913233107
UA,2023-06-17,2837.2775798186203,71.70437487379344
UA,2023-06-18,2816.8896056251015,71.18912498957776
UA,2023-06-19,2850.6897051903225,71.12321811307908
UA,2023-06-20,2892.299304711463,72.41900788993708
UA,2023-06-21,2955.6430509431907,73.9576381479129
UA,2023-06-22,2971.823237313482,74.38968388294899
UA,2023-06-23,2979.0562020495104,74.13316848116993
UA,2023-06-24,2759.915169604658,68.67989134319744
UA,2023-06-25,2954.5751768804594,73.5239634711401
UA,2023-06-26,2902.2895797126566,72.96988418789898
UA,2023-06-27,2999.8323016637887,75.13894723607943
UA,2023-06-28,3057.2720386877577,76.38883224905385
UA,2023-06-29,2827.991758788421,70.6923712707271
UA,2023-06-30,2791.426049352427,69.7846044647437
UA,2023-07-01,2932.2257642593054,73.30454453831457
UA,2023-07-02,2973.1439809401363,74.32748461123425
UA,2023-07-03,3762.7551790314496,94.79118833086741
UA,2023-07-04,3966.10055621772,99.5149972830465
UA,2023-07-05,3939.9079826294806,98.85778906239678
UA,2023-07-06,3479.0251011162563,87.44608747854096
UA,2023-07-07,2764.1519720937436,69.37557812966655
UA,2023-07-08,2342.965541144184,58.804505177638
UA,2023-07-09,3301.8614472631643,82.87118404507571
UA,2023-07-10,3954.911099817659,99.31622443755518
UA,2023-07-11,3600.5142756934074,89.87198255967292
UA,2023-07-12,3669.588866424906,91.35830075497064
UA,2023-07-13,3941.1564408257354,97.84327427615325
UA,2023-07-14,3994.4091811705907,97.76296942761878
UA,2023-07-15,3202.0738366798064,78.37060060746354
UA,2023-07-16,2351.4090926984813,57.55062258642671
UA,2023-07-17,3900.1828286566183,95.01447876420262
UA,2023-07-18,3585.072132488574,87.26795060729906
UA,2023-07-19,3795.6100585107156,92.23705264347824
UA,2023-07-20,4289.708554304025,104.59718944359842
UA,2023-07-21,3575.9997582818755,87.24142304729911
UA,2023-07-22,3156.624685731861,77.010192456443
UA,2023-07-23,3286.1106817886316,80.16918108179937
UA,2023-07-24,4159.281370472938,102.28336330572365
UA,2023-07-25,4060.0369519801,100.04082791606751
UA,2023-07-26,4293.449299683546,106.26139844679928
UA,2023-07-27,4602.552449154974,113.7674313486564
UA,2023-07-28,4197.313935474847,103.07036685775162
UA,2023-07-29,4162.915229277345,102.22566300149659
UA,2023-07-30,3111.203137918406,76.39953878216639
UA,2023-07-31,3948.8341024961223,98.08720919102903
UA,2023-08-01,4136.269847296143,102.57537278597329
UA,2023-08-02,4444.5631167420015,110.74308857183439
UA,2023-08-03,4139.724898452089,103.11931494462794
UA,2023-08-04,4188.1276541900725,104.72570738183892
UA,2023-08-05,3680.5622460687914,92.03384342805681
UA,2023-08-06,3863.9458187431746,96.61941864358775
UA,2023-08-07,4318.39225819438,107.95332925510417
UA,2023-08-08,4217.00406146674,104.99645351519273
UA,2023-08-09,3803.172969329005,95.04748332631081
UA,2023-08-10,4452.534807049078,110.9820886416317
UA,2023-08-11,4590.402726745233,113.95101595534787
UA,2023-08-12,3359.9504331969647,83.40657415343475
UA,2023-08-13,3809.5045478593897,94.5661937210652
UA,2023-08-14,3797.821352268425,94.43910411091582
UA,2023-08-15,3999.5109951148734,99.9727789610277
UA,2023-08-16,4067.645348485689,101.77815403384118
UA,2023-08-17,4189.423130832757,104.96913459529345
UA,2023-08-18,4260.203867281024,106.92880206018908
UA,2023-08-19,3791.463001871486,95.1636610537125
UA,2023-08-20,3853.274480650957,96.71509558251965
UA,2023-08-21,4504.118623615419,113.38389718222805
UA,2023-08-22,4478.846180288806,112.28273910824552
UA,2023-08-23,4616.369826386094,115.96413404103872
UA,2023-08-24,4371.065750324425,110.5638837749606
UA,2023-08-25,4340.168062592291,109.44819222272831
UA,2023-08-26,4208.3032747176185,106.1228918098
UA,2023-08-27,4160.639877313505,104.92094004068856
UA,2023-08-28,4712.744184543523,119.29457676460821
UA,2023-08-29,4707.492937651726,119.12878169986149
UA,2023-08-30,4342.476855951068,109.89160987830422
UA,2023-08-31,3662.238880537668,92.0384837645775
UA,2023-09-01,3753.442585286623,94.45212864122799
UA,2023-09-02,3652.688984693699,91.91675162984815
UA,2023-09-03,3594.270262581865,90.44669513355525
UA,2023-09-04,3872.8145592361307,97.74379851739637
UA,2023-09-05,4051.964413822696,102.58735100582297
UA,2023-09-06,4273.56998546741,108.87327458919793
UA,2023-09-07,4314.097330514451,109.81370605296725
UA,2023-09-08,4208.520098616782,107.50638236726932
UA,2023-09-09,3559.2200028382285,90.92005208199488
UA,2023-09-10,3017.6842511438826,77.08655521778036
UA,2023-09-11,4077.8046001339812,104.22583687885097
UA,2023-09-12,4330.58918572453,110.48013250007091
UA,2023-09-13,3949.5894775892693,100.77900000482944
UA,2023-09-14,3869.8565289966064,98.55138178225722
UA,2023-09-15,3732.824896859457,95.13266179706604
UA,2023-09-16,2636.389312620451,67.18952529863707
UA,2023-09-17,2250.749534869514,57.361328271998744
UA,2023-09-18,3849.538084605495,98.80693848094964
UA,2023-09-19,4331.028633911506,111.07166739529575
UA,2023-09-20,4449.3188030643105,113.63637950309825
UA,2023-09-21,4291.057786291714,109.63524699642083
UA,2023-09-22,4334.932214981288,111.45389091954854
UA,2023-09-23,4122.519021853523,105.99261132331446
UA,2023-09-24,4004.870611915878,102.96779515600907
UA,2023-09-25,3935.5541299885253,101.17625919040889
UA,2023-09-26,3816.076086898778,98.16929458687342
UA,2023-09-27,3423.846650598606,88.33248584523595
UA,2023-09-28,4045.7529437850108,104.94656227879749
UA,2023-09-29,4385.96634829756,113.76075686233598
UA,2023-09-30,4284.421832753032,111.1269516695422
UA,2023-10-01,3885.6718240773234,100.78439562065256
UA,2023-10-02,4170.602244396265,107.65400416089147
UA,2023-10-03,4238.429002753395,110.03847588909501
UA,2023-10-04,3804.351139424176,99.26215521519623
UA,2023-10-05,4439.935706569092,115.53667318701316
UA,2023-10-06,4207.417563582941,109.1684499873624
UA,2023-10-07,3224.560896955007,83.66659826144397
UA,2023-10-08,4378.900065841124,113.61784886174904
UA,2023-10-09,4614.471943356046,119.38106043613472
UA,2023-10-10,4619.682257649729,120.04568956049673
UA,2023-10-11,4403.5240699095675,114.0664545150892
UA,2023-10-12,3989.4372414643503,103.24790864931522
UA,2023-10-13,5148.458210863762,133.23408633213847
UA,2023-10-14,3232.919107243577,83.66291534238673
UA,2023-10-15,3218.8612493284763,83.29911985674924
UA,2023-10-16,3800.331429157458,99.28187399505353
UA,2023-10-17,4106.225683872798,107.26649226691322
UA,2023-10-18,4453.277614727547,115.51862410221314
UA,2023-10-19,4190.789034433251,108.54435583499315
UA,2023-10-20,4388.299017020988,113.5361999275826
UA,2023-10-21,3731.0773393452882,96.53224201498247
UA,2023-10-22,3364.2896560129466,87.04253322707365
UA,2023-10-23,3931.681246390915,101.58516835491845
UA,2023-10-24,4878.5525191223005,125.86142670968982
UA,2023-10-25,4913.553474175161,126.28288688700482
UA,2023-10-26,4729.053249624542,122.46008244079806
UA,2023-10-27,4232.677644874832,110.02913134248966
UA,2023-10-28,2971.7531451166597,77.25119760004002
UA,2023-10-29,2858.5365614961274,74.30811442799283
UA,2023-10-30,3200.558182764791,83.39695192391332
UA,2023-10-31,3344.4081980818264,86.72717979383614
UA,2023-11-01,4922.666153581066,127.71185322080024
UA,2023-11-02,4193.390129463252,109.68531194402601
UA,2023-11-03,4424.424158345121,114.4140117440289
UA,2023-11-04,3298.2384016407395,85.29125457109822
UA,2023-11-05,3055.382181772258,79.01108038397057
UA,2023-11-06,3901.975870383456,100.75387371302931
UA,2023-11-07,4443.078095834518,114.74713965781825
UA,2023-11-08,5132.462358509089,133.3661354981054
UA,2023-11-09,4372.025670268195,113.70145663579326
UA,2023-11-10,4461.593872589048,115.81786936437274
UA,2023-11-11,4440.923390199996,115.28128730482173
UA,2023-11-12,4008.7593394787345,104.06280328324317
UA,2023-11-13,4576.8149757321835,118.74876694858033
UA,2023-11-14,4490.125213266651,116.34106448500826
UA,2023-11-15,4835.251558550108,124.17439388970774
UA,2023-11-16,5009.576099820643,127.16628970019833
UA,2023-11-17,4747.722412462501,120.79058888759562
UA,2023-11-18,4252.520847886971,108.19177130590126
UA,2023-11-19,3627.5924697704445,92.29247049439633
UA,2023-11-20,4153.990336887751,105.81204275508688
UA,2023-11-21,4368.218997330887,110.87244210024942
UA,2023-11-22,4731.02115417024,119.87587174201187
UA,2023-11-23,4561.237215979009,115.95815493448636
UA,2023-11-24,4197.748872968284,106.8945473126632
UA,2023-11-25,4137.683213877631,105.36499144073417
UA,2023-11-26,3654.599948225829,93.06340586263886
UA,2023-11-27,4305.64787325766,109.39701898616951
UA,2023-11-28,4595.158243795226,115.86993370287448
UA,2023-11-29,4777.111444228222,119.97607677657457
UA,2023-11-30,3961.561698406693,99.14264652578676
UA,2023-12-01,4144.271587262451,104.32795668212647
UA,2023-12-02,3766.682805874478,94.82253089165047
UA,2023-12-03,3237.758409899287,81.50738001181382
UA,2023-12-04,3987.6677444394263,100.55090106054804
UA,2023-12-05,4544.131272139679,114.42283536177067
UA,2023-12-06,5004.0991689432285,126.21920362767658
UA,2023-12-07,5250.857954898185,132.78755073294803
UA,2023-12-08,4703.955864020708,119.09955094239183
UA,2023-12-09,4918.685586255041,124.53629699855786
UA,2023-12-10,4171.290067516731,105.61297517512484
UA,2023-12-11,5201.215930065784,131.34051993802643
UA,2023-12-12,4784.719827280023,120.6015009220197
UA,2023-12-13,4719.827569206019,118.18005010831943
UA,2023-12-14,5113.652573908143,128.0920545444744
UA,2023-12-15,4504.331734810857,111.45749473711074
UA,2023-12-16,3989.353987171591,98.71462121524239
UA,2023-12-17,3864.8233252034734,95.63317064319585
UA,2023-12-18,4591.199902194461,113.32882198928864
UA,2023-12-19,3858.5712270822105,95.05789906045581
UA,2023-12-20,3733.1030101012116,91.22506555417054
UA,2023-12-21,4438.808664832641,108.08857520582863
UA,2023-12-22,4796.146850042687,116.17278234602456
UA,2023-12-23,3665.5133098690726,88.7864557212392
UA,2023-12-24,3419.248677477151,82.82140743708672
UA,2023-12-25,3610.5302975077884,87.26293942298396
UA,2023-12-26,2676.1779909193606,64.70277606058254
UA,2023-12-27,3393.074131059229,82.44862275316568
UA,2023-12-28,3502.162478177369,84.11906013386773
UA,2023-12-29,3063.125333694231,72.57232256743953
UA,2023-12-30,2412.8041208960335,57.16475164355568
UA,2023-12-31,1790.557492651959,42.422330716571054
UA,2024-01-01,307.2777062733242,7.316832704860563
UA,2024-01-02,2203.8059238367614,52.46419964425858
UA,2024-01-03,2604.8576809260053,62.435318531623366
UA,2024-01-04,1933.9914295568635,46.48202189415951
UA,2024-01-05,2038.4242877530398,48.92237859558736
UA,2024-01-06,1546.5498614819926,37.1173451449484
UA,2024-01-07,2325.6202821689467,55.815110032494864
UA,2024-01-08,4499.741696875022,108.23711776573789
UA,2024-01-09,4197.639584563589,100.42848663821798
UA,2024-01-10,4776.6413257189415,114.2231626126939
UA,2024-01-11,5190.078386743609,124.16009920083273
UA,2024-01-12,4898.045048374009,117.34373992894298
UA,2024-01-13,4102.367845101929,98.28149409697728
UA,2024-01-14,3607.5921194522043,86.4280232733333
UA,2024-01-15,4087.3347230975874,98.75675555168506
UA,2024-01-16,4805.32284415881,115.85707606895528
UA,2024-01-17,4854.087797138886,117.57566458209523
UA,2024-01-18,3915.739959434529,95.01916911998374
UA,2024-01-19,4413.562074971373,107.6095359938015
UA,2024-01-20,3475.343796682595,84.73430916509231
UA,2024-01-21,3065.446832788552,74.74038105427218
UA,2024-01-22,3511.6090662659153,85.98370893198684
UA,2024-01-23,4173.170004991406,102.30163178284909
UA,2024-01-24,3843.8123856899597,94.46461423894911
UA,2024-01-25,4028.325143275093,98.53132527816938
UA,2024-01-26,4036.355903453233,98.64957567933484
UA,2024-01-27,4188.659990949756,102.37192672199347
UA,2024-01-28,3184.1748461535826,77.82205161668837
UA,2024-01-29,3990.8581237787644,97.20357758365296
UA,2024-01-30,4147.509844890484,101.1484151596784
UA,2024-01-31,3540.5317356374567,86.17682424363099
UA,2024-02-01,3001.846794205032,73.74330992699069
UA,2024-02-02,3439.4084354771135,84.56972511285149
UA,2024-02-03,3521.2298121079125,86.5815860069072
UA,2024-02-04,2583.0033262775924,63.5120502164421
UA,2024-02-05,3068.7328649037304,75.06740178875408
UA,2024-02-06,3427.428500564082,84.89050074834196
UA,2024-02-07,3537.8300504681474,87.58175722666269
UA,2024-02-08,4545.7354143137045,112.23068165254128
UA,2024-02-09,3933.26046890882,97.32685525930634
UA,2024-02-10,3621.444242440808,89.61109552743818
UA,2024-02-11,2929.57431641091,72.49106885204749
UA,2024-02-12,3275.456435236562,80.84971540513173
UA,2024-02-13,3890.940180356409,95.34468160013941
UA,2024-02-14,3306.8814162411477,80.41792107820656
UA,2024-02-15,3151.2908834515206,77.10825193674137
UA,2024-02-16,3326.7980849581822,81.59556568408024
UA,2024-02-17,2985.5608437297583,73.22612304901325
UA,2024-02-18,3016.316472647826,73.98045886244478
UA,2024-02-19,3377.4101592274415,82.593622679001
UA,2024-02-20,3445.344715496989,83.54315355361113
UA,2024-02-21,3122.7920644069304,75.17174298860506
UA,2024-02-22,2885.257859264509,69.1555119151251
UA,2024-02-23,2758.5133728669975,66.10701142798595
UA,2024-02-24,2994.506063570013,71.76251110932738
UA,2024-02-25,2734.2984091175795,65.52670650684384
UA,2024-02-26,3171.8396933464846,76.31438914958771
UA,2024-02-27,3301.249327097236,79.35981651014426
UA,2024-02-28,2975.792870015842,71.33131988944413
UA,2024-02-29,2822.6315634880875,68.34988578989382
UA,2024-03-01,1363.4202372316333,33.08991316833845
UA,2024-03-02,2114.7883016421924,51.32545297467915
UA,2024-03-03,2341.2471879718332,56.821560983213416
UA,2024-03-04,2193.0106853696834,53.14650200224613
UA,2024-03-05,2334.3264626688874,56.19020305726526
UA,2024-03-06,2615.9915744417144,62.81450151494165
UA,2024-03-07,2760.6949421056315,66.37594290474641
UA,2024-03-08,2775.406784510443,66.89613178921388
UA,2024-03-09,2461.454242534791,59.328876876969886
UA,2024-03-10,2135.6490522160366,51.47593543760619
UA,2024-03-11,2725.8703897738005,65.37533582057146
UA,2024-03-12,3196.365310846978,76.18392909810008
UA,2024-03-13,3639.3511330355273,86.5658882205523
UA,2024-03-14,3245.5465732494217,76.51288649590909
UA,2024-03-15,2864.3061200140055,67.7349095470004
UA,2024-03-16,3084.0236470624836,72.9307741637497
UA,2024-03-17,2338.583485254499,55.30265767858913
UA,2024-03-18,4361.6862562488095,103.24690748887
UA,2024-03-19,3677.5362092134483,86.63830681116326
UA,2024-03-20,3822.1600753618163,90.00920955258245
UA,2024-03-21,3046.025329307321,71.77352482144707
UA,2024-03-22,2485.178590880228,58.517060344301136
UA,2024-03-23,4191.101096102673,98.68542914770607
UA,2024-03-24,3655.2932116467396,86.0690713444003
UA,2024-03-25,4500.868229490752,106.84502932901808
UA,2024-03-26,3786.200195015084,89.10844943998521
UA,2024-03-27,3673.24692690167,86.04245210129675
UA,2024-03-28,2516.724178558562,59.29796377547151
UA,2024-03-29,2463.88782763215,58.155824760595515
UA,2024-03-30,4345.724412123301,102.57333330477262
UA,2024-03-31,3818.393818662668,90.12660369303156
UA,2024-04-01,3185.107983509134,75.54792288227813
UA,2024-04-02,2661.3839657176222,63.15816371095302
UA,2024-04-03,2883.3736622482825,68.20226843678525
UA,2024-04-04,3067.8828994493065,72.58804474341956
UA,2024-04-05,2364.1648997543907,55.82641415290721
UA,2024-04-06,1482.2947885521562,35.002297331715546
UA,2024-04-07,1251.2191571850462,29.54577274720583
UA,2024-04-08,2242.3419014734004,53.27366661455895
UA,2024-04-09,2536.280451957401,60.100293168788305
UA,2024-04-10,2552.716246223957,60.27394865930353
UA,2024-04-11,2935.522228751279,69.29677417168566
UA,2024-04-12,2741.272237861702,65.23887379189657
UA,2024-04-13,2510.4365674658425,59.745271602509405
UA,2024-04-14,2598.483199810164,61.84067207239971
UA,2024-04-15,3880.652562381759,92.46738123946834
UA,2024-04-16,3678.701220417119,87.2519963667851
UA,2024-04-17,4445.641800240373,105.54153867177811
UA,2024-04-18,4372.080128610478,103.95804016079624
UA,2024-04-19,3911.524460815704,92.51717667242298
UA,2024-04-20,2815.752168096836,66.59946611895853
UA,2024-04-21,3250.1662027976217,76.87442678966629
UA,2024-04-22,5205.449330499765,122.82188307091351
UA,2024-04-23,4342.504129398546,102.63104215369107
UA,2024-04-24,5094.378351177601,120.54276539628037
UA,2024-04-25,4792.94052427553,113.62175373371764
UA,2024-04-26,4385.016837553804,103.12712309483203
UA,2024-04-27,3989.9108266386247,93.83499315950247
UA,2024-04-28,3534.5907190917296,83.12674401974883
UA,2024-04-29,3508.0401449197548,82.65706299630205
UA,2024-04-30,3187.0643041249027,74.99468915893053
UA,2024-05-01,3841.8089949967543,90.68548594203003
UA,2024-05-02,3929.886226683452,92.9081867173725
UA,2024-05-03,4067.724730158387,96.14143130334784
UA,2024-05-04,3955.228468793357,93.48256122206574
UA,2024-05-05,3801.2093096508015,89.84228972131284
UA,2024-05-06,3396.3133843371716,80.22301130570443
UA,2024-05-07,3850.483405288014,90.8169291053654
UA,2024-05-08,4166.774432671199,98.48504994649322
UA,2024-05-09,4880.57122037197,115.3341278256383
UA,2024-05-10,4334.747772631578,102.15944334903514
UA,2024-05-11,4002.3126701470073,94.32475796458758
UA,2024-05-12,3875.1171314180638,91.3270690298192
UA,2024-05-13,4583.253481930289,107.0483450099099
UA,2024-05-14,4793.978659181024,112.14116326930194
UA,2024-05-15,5039.301718891155,117.65685011594901
UA,2024-05-16,4964.582466639101,115.85929709940237
UA,2024-05-17,3973.5894575834145,92.74293170724879
UA,2024-05-18,4002.9091843236506,93.42724936104045
UA,2024-05-19,4098.680227955554,95.66252994397398
UA,2024-05-20,4309.148242268917,100.78723707151501
UA,2024-05-21,4201.4044150655245,97.52518361255343
UA,2024-05-22,4079.389096770663,94.28995954564536
UA,2024-05-23,4311.239231969669,100.0041574918853
UA,2024-05-24,4450.7543290785525,102.75627178187393
UA,2024-05-25,4052.890585278085,93.57063897284426
UA,2024-05-26,3794.0558938104164,87.59482320398433
UA,2024-05-27,4689.292539824017,107.82213652994912
UA,2024-05-28,5164.695583649533,118.02590515435757
UA,2024-05-29,5457.818304154562,124.12369809406611
UA,2024-05-30,3454.7371675177706,78.65941337966973
UA,2024-05-31,3355.3155435799563,76.57548180002684
UA,2024-06-01,4544.9526248857,103.72554607415141
UA,2024-06-02,4364.771366341189,99.61342412759379
UA,2024-06-03,5214.400049852145,118.54950664663282
UA,2024-06-04,5190.781654452765,118.2574720964135
UA,2024-06-05,5472.640771493551,125.04005911960242
UA,2024-06-06,5282.488486888091,121.13493272812954
UA,2024-06-07,5309.546823649835,121.70323019345439
UA,2024-06-08,4059.3749662303753,93.0473093779168
UA,2024-06-09,3639.8371924860744,83.43083852857345
UA,2024-06-10,4960.03018386418,113.05968612141942
UA,2024-06-11,5340.1630071097425,122.8397428980494
UA,2024-06-12,6168.103924488797,141.92795861168807
UA,2024-06-13,6077.0210973120265,139.59894094716597
UA,2024-06-14,6369.320486668039,145.13661813075174
UA,2024-06-15,5243.5278592231625,119.48337380023156
UA,2024-06-16,4485.779984516394,102.21670239299061
UA,2024-06-17,6031.320191200798,138.72055860640043
UA,2024-06-18,5486.169892996166,126.0128235322962
UA,2024-06-19,5317.638998648102,122.38919087492125
UA,2024-06-20,5343.409855116424,122.6272732410871
UA,2024-06-21,5427.106645209624,124.9690667964526
UA,2024-06-22,5543.76570588775,127.65535525536181
UA,2024-06-23,5789.7242940373335,133.3190020640637
UA,2024-06-24,6015.420833239071,139.13409444818797
UA,2024-06-25,5945.699314591197,136.62369630116632
UA,2024-06-26,6523.237373846187,149.80450967610946
UA,2024-06-27,6378.054841055247,147.25395758474295
UA,2024-06-28,5691.165845907097,131.26987030026962
UA,2024-06-29,5384.1043082362885,124.18732705418995
UA,2024-06-30,4884.585548994747,112.66565214370637
UA,2024-07-01,6676.7905251415505,154.32028357597804
UA,2024-07-02,6684.535575195522,153.01567289673008
UA,2024-07-03,6696.954651634657,153.25645632686977
UA,2024-07-04,6794.724775997715,154.95558161433345
UA,2024-07-05,5406.852346525121,123.49656124576013
UA,2024-07-06,4726.832320606334,107.9643940259182
UA,2024-07-07,4662.787021550087,106.50155137912645
UA,2024-07-08,5716.609533229191,130.33052302722126
UA,2024-07-09,6270.660332027989,142.26249162345903
UA,2024-07-10,5655.112136876741,128.27863101574567
UA,2024-07-11,6324.633278785161,143.48860370766926
UA,2024-07-12,6626.979535100063,149.31750255960918
UA,2024-07-13,5606.563327628737,126.32573098947627
UA,2024-07-14,5191.494241558944,116.97349457568066
UA,2024-07-15,6208.713608619033,138.94091233538543
UA,2024-07-16,5912.759055199188,132.1987075881347
UA,2024-07-17,5044.052079560892,112.14262864500667
UA,2024-07-18,6172.409563635477,136.11896086366465
UA,2024-07-19,5528.836386084185,122.15237542661106
UA,2024-07-20,5668.044971848561,125.22800621823616
UA,2024-07-21,6250.654001480569,138.09998721837331
UA,2024-07-22,7037.109478996585,155.7364997786169
UA,2024-07-23,5832.6520022666155,129.62831595962714
UA,2024-07-24,6075.54125927949,135.70775641521067
UA,2024-07-25,6348.876819156993,142.01905895520338
UA,2024-07-26,6992.531970461586,156.49199853325842
UA,2024-07-27,6354.351773265085,142.20960484446175
UA,2024-07-28,6060.959662211651,135.64352577516397
UA,2024-07-29,5326.38783751101,119.33904153733636
UA,2024-07-30,4746.2540999703815,106.88437468264924
UA,2024-07-31,5932.7214401899355,133.56540329707786
UA,2024-08-01,5447.689826004838,122.69129549396501
UA,2024-08-02,5969.672826433907,134.4481541403947
UA,2024-08-03,6356.868302112962,143.16851763603682
UA,2024-08-04,6449.808528706966,145.26170469574015
UA,2024-08-05,4901.342230336291,109.78061604410384
UA,2024-08-06,6782.975892048082,150.24067592038708
UA,2024-08-07,5437.317065833511,121.38738032941481
UA,2024-08-08,5908.975439662337,131.9922318744435
UA,2024-08-09,6462.4294266551415,144.22168373887254
UA,2024-08-10,5641.089068926986,125.89187593847187
UA,2024-08-11,5295.5271244050855,118.17998893983544
UA,2024-08-12,5570.837645253331,124.11218868572995
UA,2024-08-13,5744.869168024768,127.36431164118069
UA,2024-08-14,5903.7393268491205,130.62612874342292
UA,2024-08-15,5984.631900862633,131.38685657342714
UA,2024-08-16,5642.006005221458,124.53247409743756
UA,2024-08-17,5263.817064209876,116.18494585005963
UA,2024-08-18,4966.695943687349,109.62677696278266
UA,2024-08-19,5021.969623727974,110.86245915985027
UA,2024-08-20,5861.091027989052,128.50874350151952
UA,2024-08-21,6302.352144844496,137.54737927835305
UA,2024-08-22,6507.051053001957,141.771995577192
UA,2024-08-23,5545.263166646196,120.59481557472168
UA,2024-08-24,5649.424852955557,122.86005691186575
UA,2024-08-25,5219.292307019211,113.50581104633515
UA,2024-08-26,5421.542011841967,118.2694382674303
UA,2024-08-27,5688.2254665185765,123.17081838911116
UA,2024-08-28,6415.099896126878,139.14380491381195
UA,2024-08-29,5262.933026151287,114.71308343344327
UA,2024-08-30,5455.348424068101,119.36129755424743
UA,2024-08-31,5695.056810152324,124.60604120277705
UA,2024-09-01,4335.955623036418,94.86933722142058
UA,2024-09-02,5665.219086945108,124.50538411546594
UA,2024-09-03,6077.819191875504,133.68950890796097
UA,2024-09-04,6628.380004754465,145.54081748397593
UA,2024-09-05,6661.0325859336945,146.05445684132076
UA,2024-09-06,5069.251079732934,111.19656138502799
UA,2024-09-07,4707.993520013178,103.27219587553743
UA,2024-09-08,4053.9701924150077,88.92586661493561
UA,2024-09-09,5781.290469891228,126.90123821577238
UA,2024-09-10,6565.610763221107,144.67114917967317
UA,2024-09-11,6219.133255625335,137.0535388899614
UA,2024-09-12,6589.104611679042,144.84923106655708
UA,2024-09-13,6790.216425694919,149.36848020094632
UA,2024-09-14,6364.581062294277,140.00552276849237
UA,2024-09-15,4809.224400452752,105.79140554675594
UA,2024-09-16,6602.925086395313,144.1815770930435
UA,2024-09-17,5974.97609430728,129.86848115882881
UA,2024-09-18,6380.573748062454,138.33372173275492
UA,2024-09-19,4913.391268197671,106.55827204564899
UA,2024-09-20,4605.839096051998,99.60810854877631
UA,2024-09-21,5222.6883578987445,112.94838964650955
UA,2024-09-22,5306.526530936132,114.7615146094718
UA,2024-09-23,5475.702820692892,118.65371475392301
UA,2024-09-24,5447.461392423471,118.44161243550013
UA,2024-09-25,5689.941940584189,123.58316516405212
UA,2024-09-26,5323.4118965396365,115.2358417115763
UA,2024-09-27,5474.859406193021,119.12278569952487
UA,2024-09-28,5592.585386802358,121.68428467491937
UA,2024-09-29,5977.1157189894775,130.05095146170083
UA,2024-09-30,5418.994632790334,117.92189669235901
UA,2024-10-01,5174.21399888488,112.10783918336004
UA,2024-10-02,3898.257024886284,85.28124822002519
UA,2024-10-03,3746.303361395567,81.94964336188507
UA,2024-10-04,3778.8943344861873,83.00956722416916
UA,2024-10-05,3298.1400097801875,72.44901567055739
UA,2024-10-06,4553.104626468152,100.01635693284695
UA,2024-10-07,6028.547679657972,132.69328096939995
UA,2024-10-08,5102.190324211378,112.82789686675169
UA,2024-10-09,4194.373626034646,92.70624696995704
UA,2024-10-10,5522.747260949555,122.38124201592728
UA,2024-10-11,6604.130084467686,146.603047091587
UA,2024-10-12,6847.688420101961,152.00972347316204
UA,2024-10-13,3908.613709643347,86.7661103595377
UA,2024-10-14,5673.626942695695,126.01395134785814
UA,2024-10-15,6481.739158049068,144.17481305786725
UA,2024-10-16,5484.064094797735,122.07643477752553
UA,2024-10-17,5057.962141989509,112.6163832011415
UA,2024-10-18,5981.4371851424685,133.53300096090453
UA,2024-10-19,6438.54382224511,143.7377091476058
UA,2024-10-20,5415.172003402547,120.89137542561888
UA,2024-10-21,5782.796525862919,129.2903764568969
UA,2024-10-22,6276.226290450812,140.0536962589162
UA,2024-10-23,5982.643198303652,133.81564410707796
UA,2024-10-24,5994.447259189588,134.90221240201163
UA,2024-10-25,6277.79901567077,140.9433271069944
UA,2024-10-26,6124.780956698825,137.50790741848186
UA,2024-10-27,5590.685160979906,125.51688345378123
UA,2024-10-28,6477.133626918667,144.85824507350483
UA,2024-10-29,6585.784367945955,147.34122418358868
UA,2024-10-30,6729.028842697198,150.85005722586834
UA,2024-10-31,6587.658868154485,147.58953440471572
UA,2024-11-01,5547.394308418312,123.6968229193745
UA,2024-11-02,5760.088639191006,128.43952039260427
UA,2024-11-03,5263.550309213915,117.36761699777053
UA,2024-11-04,6259.9533919980995,139.20906849310842
UA,2024-11-05,5322.036639198726,117.89623871495152
UA,2024-11-06,5306.709448240203,117.53431202539521
UA,2024-11-07,5454.258385355732,123.0171003567131
UA,2024-11-08,5658.974317494175,126.98476170320964
UA,2024-11-09,5702.100322989564,127.95248928488708
UA,2024-11-10,4549.911108048645,102.09789714723128
UA,2024-11-11,6231.588356021863,140.07850390280763
UA,2024-11-12,6499.101282587046,147.72396988257833
UA,2024-11-13,6148.451134600167,139.9232420895044
UA,2024-11-14,6177.733208808803,140.56307770458645
UA,2024-11-15,5716.399913372464,131.509141578056
UA,2024-11-16,4342.108517458264,99.89275985290834
UA,2024-11-17,4597.620281755578,105.77095824613622
UA,2024-11-18,6314.243231491859,144.64559829501297
UA,2024-11-19,6466.730479301595,148.20223628783626
UA,2024-11-20,6126.31683299964,140.21919463962
UA,2024-11-21,6052.843188243782,138.94299558675914
UA,2024-11-22,6060.4061583279545,139.4289813009268
UA,2024-11-23,5044.089166557654,116.04704300515237
UA,2024-11-24,4038.025809110323,92.90100536536279
UA,2024-11-25,4145.955705134322,96.43394588230842
UA,2024-11-26,5271.240431375014,121.25236481645086
UA,2024-11-27,6224.583255342684,142.4963659355412
UA,2024-11-28,5780.943897982787,131.9798979944337
UA,2024-11-29,5625.013771163819,128.24168588190892
UA,2024-11-30,4641.242025513034,105.81319906966375
UA,2024-12-01,6508.471155395896,148.38315912408058
UA,2024-12-02,6323.315952617222,144.03580676105832
UA,2024-12-03,6355.833947809541,145.36192652603228
UA,2024-12-04,6203.11913107701,141.5468108899048
UA,2024-12-05,6461.201198264776,147.8390272413647
UA,2024-12-06,6527.478362403011,148.97952651406175
UA,2024-12-07,5572.222112390285,127.17729050111801
UA,2024-12-08,5361.524681846402,122.36844982828559
UA,2024-12-09,5560.985061646906,126.79898536932566
UA,2024-12-10,6498.379979933717,148.18721805903235
UA,2024-12-11,6282.866222478438,143.37405662696253
UA,2024-12-12,6445.302491202903,147.15403281764264
UA,2024-12-13,6296.431961549279,144.06926477430721
UA,2024-12-14,5829.73763062325,133.3907869409176
UA,2024-12-15,6285.666862514299,143.82294750880462
UA,2024-12-16,6418.802808491194,146.75809454381485
UA,2024-12-17,6113.781412578601,139.5636576522746
UA,2024-12-18,5373.837058529259,122.37100576644187
UA,2024-12-19,5609.1820879186125,127.60292387338427
UA,2024-12-20,5530.618814847847,126.91600649075994
UA,2024-12-21,5370.6091885437345,123.24412393105848
UA,2024-12-22,5257.314033679159,120.64423970624776
UA,2024-12-23,6281.760938896327,144.3704624281528
UA,2024-12-24,5611.097782125077,128.56103465943895
UA,2024-12-25,5069.149540184917,116.17590057581843
UA,2024-12-26,6333.790131022207,145.55116936619044
UA,2024-12-27,6084.060200842623,139.82423781933858
UA,2024-12-28,6211.172391518772,142.74553783809537
UA,2024-12-29,6418.957325785537,147.52086370685777
UA,2024-12-30,6016.976828656638,137.5375007407587
UA,2024-12-31,4494.986279714656,102.32948326787542
UA,2025-01-01,3518.4101878335173,80.5395425904137
UA,2025-01-02,4879.710750759011,111.90662468602392
UA,2025-01-03,5467.939866678555,126.06114232474593
UA,2025-01-04,5601.633563310504,129.1433964332351
UA,2025-01-05,4960.199441265512,114.3553921532649
UA,2025-01-06,5631.178641064583,129.94617802972178
UA,2025-01-07,5365.770963809086,122.20179789176015
UA,2025-01-08,5972.004666394156,136.10879273952133
UA,2025-01-09,5944.562105865344,136.88568698569895
UA,2025-01-10,5748.888522807511,131.97813842264844
UA,2025-01-11,6321.730518578104,145.12896225793062
UA,2025-01-12,5422.540736787843,124.48612094720873
UA,2025-01-13,5866.620072301911,134.6364116120676
UA,2025-01-14,6070.950603425121,140.7681585312579
UA,2025-01-15,6396.8560584987645,147.65905522159196
UA,2025-01-16,6150.4670630716955,141.29357801849537
UA,2025-01-17,6065.5704536969915,140.01778517306076
UA,2025-01-18,5745.176996300407,132.62181431903065
UA,2025-01-19,5663.205830763085,130.72958981447567
UA,2025-01-20,5702.198145938115,131.48278806546048
UA,2025-01-21,6252.825060821206,143.74376573734145
UA,2025-01-22,6076.692621322826,139.23987317973842
UA,2025-01-23,6339.151702729579,144.48702981821782
UA,2025-01-24,6218.4733088157645,142.39398109074384
UA,2025-01-25,5935.015284962358,135.90320522275377
UA,2025-01-26,5712.515276568686,130.80827911878816
UA,2025-01-27,5664.2741963990875,128.97738898096145
UA,2025-01-28,6100.619296431653,138.19189272939005
UA,2025-01-29,6086.892676876589,139.01998380416245
UA,2025-01-30,6209.5492019166795,142.35816342153635
UA,2025-01-31,6073.038185768102,139.5789487348362
UA,2025-02-01,5258.7775659201625,120.86448690568221
UA,2025-02-02,5338.442811917228,122.69546358437837
UA,2025-02-03,6427.35331116837,148.35412172282528
UA,2025-02-04,5917.100893728704,138.04778732391344
UA,2025-02-05,5964.572923527808,138.33459942778507
UA,2025-02-06,5680.086609165795,130.8531497385464
UA,2025-02-07,5835.343174211084,135.77133064857148
UA,2025-02-08,5334.234364258654,124.111997530402
UA,2025-02-09,5284.112996354963,122.94582021896554
UA,2025-02-10,5963.093134501143,138.57120595503287
UA,2025-02-11,6182.3077283466155,144.12485524930625
UA,2025-02-12,6014.096496536009,139.82563916859272
UA,2025-02-13,5869.602054939135,135.3824769278119
UA,2025-02-14,6281.1577554107125,144.6068536404215
UA,2025-02-15,6189.275197589651,142.49150355555977
UA,2025-02-16,5653.800251876588,130.16362546077082
UA,2025-02-17,6239.197980185658,143.13140142703966
UA,2025-02-18,6398.082576933607,147.02557579908463
UA,2025-02-19,6700.49242003733,154.1544426584702
UA,2025-02-20,6751.411953177462,155.29876576361022
UA,2025-02-21,6389.139274707689,146.70442938772362
UA,2025-02-22,5773.536374163754,132.56924335237807
UA,2025-02-23,5534.711951798171,127.0854686058026
UA,2025-02-24,6009.665495094017,138.12369987781966
UA,2025-02-25,6479.112055754972,148.4509507605711
UA,2025-02-26,6472.761128560157,147.81638231710463
UA,2025-02-27,6280.749856296566,143.97068337329262
UA,2025-02-28,6489.38598134877,149.20118041828033
UA,2025-03-01,5952.119960789237,136.84859040491
UA,2025-03-02,5667.052109533741,130.29443258029207
UA,2025-03-03,6355.417482313396,147.41165118764462
UA,2025-03-04,5480.66214140608,125.87157004448797
UA,2025-03-05,5153.93025392941,117.4618028358364
UA,2025-03-06,4402.849233017485,99.50099172229808
UA,2025-03-07,5875.301784644102,131.8526599126586
UA,2025-03-08,5653.532610465383,126.87574867066539
UA,2025-03-09,4623.516349128458,103.76027498290959
UA,2025-03-10,5365.274649989746,119.95310889552087
UA,2025-03-11,5058.727864881541,112.98966007204434
UA,2025-03-12,5039.098159318345,111.4497061606522
UA,2025-03-13,5349.941208887423,118.4548274501028
UA,2025-03-14,5301.179435486304,117.80215497728489
UA,2025-03-15,5008.625710593933,111.30106221889736
UA,2025-03-16,5342.541587398934,118.72129961087124
UA,2025-03-17,5934.106278069731,131.20106918045533
UA,2025-03-18,5207.036776349935,115.28945655475678
UA,2025-03-19,5543.710914594392,122.24738114977612
UA,2025-03-20,5094.686871025391,112.40866915015127
UA,2025-03-21,6159.041633782292,136.86333389144096
UA,2025-03-22,4707.684103974781,104.61194771662171
UA,2025-03-23,4277.7990569556605,95.05924386698324
UA,2025-03-24,6194.552719191109,137.71579186609165
UA,2025-03-25,6580.051840953701,145.93604239106338
UA,2025-03-26,6148.752733239397,136.21848855952172
UA,2025-03-27,6468.038682490373,144.3017799453489
UA,2025-03-28,4697.287346493655,104.97411779743614
UA,2025-03-29,4553.647671897758,101.76408464230659
UA,2025-03-30,5576.470972924411,124.62195254942581
UA,2025-03-31,5819.017583854827,130.04204919759957
UA,2025-04-01,4741.124575993961,105.76304382534857
UA,2025-04-02,4341.2560879760595,97.31925126155745
UA,2025-04-03,5395.349276529486,120.88007717294445
UA,2025-04-04,5213.557811598371,113.70131597641972
UA,2025-04-05,4456.1605402398845,97.18340832440738
UA,2025-04-06,3950.7190002581624,86.1603468524083
UA,2025-04-07,4857.522817767365,106.6359361475436
UA,2025-04-08,5466.0599697138305,121.32456672808657
UA,2025-04-09,4794.992146418,106.4943242855874
UA,2025-04-10,4829.845807982498,106.04068772726468
UA,2025-04-11,5044.520868547102,110.04266589328667
UA,2025-04-12,3897.49934169352,85.02120004130579
UA,2025-04-13,3958.661390687027,86.35540701519423
UA,2025-04-14,4630.318407868618,98.69527441727152
UA,2025-04-15,5101.815091668724,108.48670429749494
UA,2025-04-16,5515.117889978284,118.32376229292782
UA,2025-04-17,5294.339311110946,113.07737660022735
UA,2025-04-18,4231.568764021352,90.02514161515758
UA,2025-04-19,4441.857680646288,94.49896457656612
UA,2025-04-20,3017.9637607574523,64.20612073272983
UA,2025-04-21,3962.63176798481,84.2659540286784
UA,2025-04-22,3929.88882673042,82.27497423297709
UA,2025-04-23,5087.473249282305,106.62634054970866
UA,2025-04-24,4761.575911369281,100.15493449740924
UA,2025-04-25,4970.541636589322,104.825930657702
UA,2025-04-26,3897.745837871601,82.20126996108155
UA,2025-04-27,3675.412188122524,77.5123781952613
UA,2025-04-28,4770.842632154615,100.68127515858437
UA,2025-04-29,4396.540918375843,92.76948939540227
UA,2025-04-30,4152.151123558528,87.81302604598869
UA,2025-05-01,5819.226208568942,123.3705022306941
UA,2025-05-02,5257.151294786142,111.6623187113673
UA,2025-05-03,4574.032435963534,97.1528188977998
UA,2025-05-04,4818.303390187616,102.34115372269831
UA,2025-05-05,5970.319751601982,126.18852341130356
UA,2025-05-06,6507.053061433089,137.89985888920398
UA,2025-05-07,5993.822005760272,127.62669904118012
UA,2025-05-08,5869.237935066455,124.67977217105769
UA,2025-05-09,5998.456244584457,127.93431536640126
UA,2025-05-10,4730.1973773338295,100.88505081011427
UA,2025-05-11,5683.523134209145,121.21746185955908
UA,2025-05-12,4289.888075297185,91.75681617565546
UA,2025-05-13,4442.343013488231,96.24252051632077
UA,2025-05-14,4761.573338586585,103.30495566702072
UA,2025-05-15,4705.665631298338,101.00465846362282
UA,2025-05-16,3760.5433336629917,81.07572227089159
UA,2025-05-17,5818.822398595046,125.4513475510487
UA,2025-05-18,3291.1499101555783,70.95579877488953
UA,2025-05-19,2781.170378974994,59.87578589366821
UA,2025-05-20,3907.60063038877,83.39559397451714
UA,2025-05-21,3791.019582589671,81.26149910914344
UA,2025-05-22,4676.235693493434,99.67718866289736
UA,2025-05-23,4406.850955792847,93.90644317142282
UA,2025-05-24,4821.470873380072,102.74165954684021
UA,2025-05-25,3676.9749481211793,78.353373525056
UA,2025-05-26,5486.48577393375,116.74640809819259
UA,2025-05-27,3844.6418577004374,81.29066196639046
UA,2025-05-28,3856.6716504919195,81.518474806637
UA,2025-05-29,3865.317794872125,82.10785929318963
UA,2025-05-30,3641.776871823538,77.81142226764192
UA,2025-05-31,3180.4951808775327,67.9555234298422
UA,2025-06-01,5047.796928830796,107.85291690698372
UA,2025-06-02,4481.911025246245,95.2099040924129
UA,2025-06-03,4931.620469268576,103.81659486663165
UA,2025-06-04,4916.348313844556,103.66291095540993
UA,2025-06-05,5351.936626961934,113.38536495736207
UA,2025-06-06,5498.922057320417,116.06659850435581
UA,2025-06-07,4685.289144765291,98.89312275636836
UA,2025-06-08,4358.253246815215,91.99032546842506
UA,2025-06-09,4799.032844515994,101.51827579858083
UA,2025-06-10,5842.600113269436,123.3362840637567
UA,2025-06-11,6284.533785033687,132.29678327681845
UA,2025-06-12,5403.2553720580645,113.85773349020917
UA,2025-06-13,5186.133167521634,107.85905823369488
UA,2025-06-14,3920.7961875664532,81.54310170158485
UA,2025-06-15,3751.542735726979,78.02303823068638
UA,2025-06-16,4479.971889167777,93.93431872382249
UA,2025-06-17,4089.5528581185467,85.07937500636699
UA,2025-06-18,4539.37151499935,94.53892387728543
UA,2025-06-19,4422.127851057395,92.31460062997141
UA,2025-06-20,3971.682453400046,82.98715922606085
UA,2025-06-21,4065.908054527956,84.95597598211323
UA,2025-06-22,4163.06449924563,86.98603186956747
UA,2025-06-23,4975.307951445283,103.2208717618719
UA,2025-06-24,5123.68548255044,106.69698990544617
UA,2025-06-25,4926.053691653922,101.55052922079312
UA,2025-06-26,4879.186144829317,100.96859404329372
UA,2025-06-27,5056.947022700769,103.97111358815677
UA,2025-06-28,5110.984265885008,105.08212232996853
UA,2025-06-29,4458.0836551945695,91.65844926178235
UA,2025-06-30,4203.949063974784,86.17775430791052
UA,2025-07-01,5446.7483280446695,111.19080562542194
UA,2025-07-02,5591.6688165559235,113.1703710952376
UA,2025-07-03,4988.917301110609,101.53944617670086
UA,2025-07-04,5270.049184238364,107.16753330374624
UA,2025-07-05,4933.4843465774,100.32341815643873
UA,2025-07-06,4923.836556065689,100.12722835349277
UA,2025-07-07,5152.5710237085095,104.89548306647887
UA,2025-07-08,5622.705966498235,114.68239832950704
UA,2025-07-09,5327.8240618712625,108.60631686187632
UA,2025-07-10,4734.362393985344,96.93080837024456
UA,2025-07-11,4235.16544987587,86.47606839971148
UA,2025-07-12,4575.743876351282,93.43019655643252
UA,2025-07-13,4501.569369907678,91.91565839525632
UA,2025-07-14,5903.187106134637,120.86391736009135
UA,2025-07-15,5487.267978485159,112.22026530064358
UA,2025-07-16,5373.237500917317,110.10033176001768
UA,2025-07-17,5344.406639667253,110.14921031389835
UA,2025-07-18,6077.393664404135,125.42941186774185
UA,2025-07-19,4161.829139200762,85.89467953696621
UA,2025-07-20,3617.748595583929,74.66557272523367
UA,2025-07-21,5591.347921294314,115.03174277972954
UA,2025-07-22,4748.28640545989,97.31949747513133
UA,2025-07-23,4944.663302583512,101.1894572147882
UA,2025-07-24,5726.437249645998,116.90877381014691
UA,2025-07-25,5776.692189076097,117.64941557234381
UA,2025-07-26,5468.715745902467,111.37709789234957
UA,2025-07-27,5631.368264927587,114.68971576748258
UA,2025-07-28,6107.145912488469,124.68270494959259
UA,2025-07-29,5864.86440672704,120.43658824370108
UA,2025-07-30,5828.804352504097,120.86936696466692
UA,2025-07-31,5068.863916574366,105.27650969766961
UA,2025-08-01,5459.8464476178115,114.34448916561384
UA,2025-08-02,5284.691519021053,110.67625398219135
UA,2025-08-03,4974.423794218163,104.17837811012484
UA,2025-08-04,5502.56073102391,115.4913176469187
UA,2025-08-05,5082.660554081455,105.12876815689609
UA,2025-08-06,5526.536136188694,114.91734772097908
UA,2025-08-07,4805.42872018011,99.5213609119964
UA,2025-08-08,5571.97102192199,115.41906997104127
UA,2025-08-09,6364.610532718354,131.83798435492488
UA,2025-08-10,5523.495138947904,114.41492954983642
UA,2025-08-11,5361.084488775663,111.23989734749966
UA,2025-08-12,5642.828173583711,117.07865388819012
UA,2025-08-13,6293.959603625626,130.91741798629718
UA,2025-08-14,6508.93944918154,133.79885068784102
UA,2025-08-15,4766.696200525287,98.40311723713188
UA,2025-08-16,4967.630017051186,102.55117137624892
UA,2025-08-17,6044.663848183657,124.7853314516501
UA,2025-08-18,6798.330490017709,140.73499282732976
UA,2025-08-19,5640.616456963159,117.08864046637615
UA,2025-08-20,5346.865875867745,110.64594841637495
UA,2025-08-21,4947.5175529302105,102.71293115258572
UA,2025-08-22,5547.964769180518,115.62475421623547
UA,2025-08-23,4573.641329588988,95.31894606552362
UA,2025-08-24,3878.6324928474014,80.83431444479552
UA,2025-08-25,5002.377720537329,104.4119749642523
UA,2025-08-26,4627.1208300980215,95.45749766567481
UA,2025-08-27,4933.429409162631,102.21440592478336
UA,2025-08-28,5011.587781732216,104.66975316901036
UA,2025-08-29,6010.531904567976,124.87055755832095
UA,2025-08-30,5819.830659535608,120.90868343929996
UA,2025-08-31,5838.686365809793,121.30041624980615
UA,2025-09-01,3939.467835929875,81.73848111731007
UA,2025-09-02,3515.188715753649,72.52671822878523
UA,2025-09-03,3581.2669306839143,74.33777536105235
UA,2025-09-04,3697.723909638326,76.71244397868833
UA,2025-09-05,3424.829546285023,71.15080038319518
UA,2025-09-06,4718.737779725027,98.03173129887375
UA,2025-09-07,3539.868811837534,73.54074000177697
UA,2025-09-08,4642.714018107984,96.39506384740247
UA,2025-09-09,4827.939893720572,99.78834796804942
UA,2025-09-10,5198.734171722279,107.65297011741751
UA,2025-09-11,3852.109251572204,79.8516867790792
UA,2025-09-12,4704.549976792776,97.45535324042136
UA,2025-09-13,4068.1688392073543,84.27263675003168
UA,2025-09-14,2736.5822188825355,56.688649951268395
UA,2025-09-15,4605.095485839315,95.16056045079583
UA,2025-09-16,5125.197403737679,105.6813639636858
UA,2025-09-17,4953.655316455131,101.8082877888375
UA,2025-09-18,3794.3937300606776,77.79573726182247
UA,2025-09-19,4637.719218537704,95.06445051835
UA,2025-09-20,3347.104440434313,68.60929466914654
UA,2025-09-21,3034.871659633163,62.20911467937201
UA,2025-09-22,5246.627695285169,108.35326653005725
UA,2025-09-23,5271.588906581558,108.17865042317646
UA,2025-09-24,6721.700053824933,137.73636824145578
UA,2025-09-25,4230.243510128726,86.93954473694029
UA,2025-09-26,4210.872093947553,86.44460056798462
UA,2025-09-27,4030.394066678263,82.7395839750997
UA,2025-09-28,4451.561299491851,91.38568682520152
UA,2025-09-29,6743.08538009927,139.30296472329343
UA,2025-09-30,6427.27723771212,132.68313565655646
UA,2025-10-01,6579.990737578365,136.223795257798
UA,2025-10-02,5462.116664501012,112.91570707250291
UA,2025-10-03,4348.654598585778,89.65577198092892
UA,2025-10-04,4432.325502241116,91.38080653805396
UA,2025-10-05,4301.67226639807,88.68714199060423
UA,2025-10-06,7243.632192042988,149.71812111254619
UA,2025-10-07,6526.131060288396,135.20168098116403
UA,2025-10-08,6107.979529335808,126.78943354193338
UA,2025-10-09,5864.084031480327,121.8166716830221
UA,2025-10-10,5994.867112955173,124.36116180078069
UA,2025-10-11,7995.841722607529,165.87059353655155
UA,2025-10-12,5297.172440681172,109.88776007370917
UA,2025-10-13,7196.535366076742,149.58688668070565
UA,2025-10-14,7885.898309808218,163.82980074267047
UA,2025-10-15,8008.164572988137,166.02255963437923
UA,2025-10-16,8366.041900038073,172.38872163952004
UA,2025-10-17,8332.000746603615,171.71452250102246
UA,2025-10-18,6815.878065400968,140.468692096866
UA,2025-10-19,4905.224439404091,101.09195834097429
UA,2025-10-20,6918.233538098177,141.87639529838927
UA,2025-10-21,6164.707552193097,126.68161749569687
UA,2025-10-22,6566.498877247172,135.4665851903149
UA,2025-10-23,6758.980594216852,139.73786090712753
UA,2025-10-24,6132.03142892826,126.30290768994278
UA,2025-10-25,5647.817087210135,116.32942989339148
UA,2025-10-26,5875.890509358972,121.02711233648826
UA,2025-10-27,5975.476082729052,122.53164207471174
UA,2025-10-28,6012.48477680112,122.76841228240825
UA,2025-10-29,5965.825456498693,121.8052336642008
UA,2025-10-30,5736.272700254567,117.3885302012366
UA,2025-10-31,7974.304360096343,164.37390978324134
UA,2025-11-01,5821.486713414931,119.99799463681909
UA,2025-11-02,5538.383549238489,114.16240423716614
UA,2025-11-03,6885.648987571391,142.23961320196722
UA,2025-11-04,5531.461154735123,114.22290410361025
UA,2025-11-05,5743.459828007232,118.83126872186921
UA,2025-11-06,4518.880629874867,93.49066475242357
UA,2025-11-07,6591.630081475391,135.84715680748255
UA,2025-11-08,6303.993705180085,129.91924771198634
UA,2025-11-09,8054.775878321881,166.00118457293703
UA,2025-11-10,7523.7364149339655,155.1100366334328
UA,2025-11-11,7990.882774049295,164.61452267163745
UA,2025-11-12,7602.53537455072,156.39826650327237
UA,2025-11-13,7323.344139179398,150.517612778688
UA,2025-11-14,6538.994863273085,133.76910161003963
UA,2025-11-15,5595.694512205229,114.47187884886121
UA,2025-11-16,6813.509997596804,139.3848948113914
UA,2025-11-17,7197.758138330887,146.94250387030098
UA,2025-11-18,7889.060052188352,161.7034806709209
UA,2025-11-19,8071.332717678153,165.42531506942112
UA,2025-11-20,8583.311337176596,176.1134434166902
UA,2025-11-21,8096.229210375801,166.8771647015279
UA,2025-11-22,7545.382878385136,155.52327739420804
UA,2025-11-23,6258.752587733431,129.0036212253959
UA,2025-11-24,6682.867376572765,137.2125240290479
UA,2025-11-25,6301.671065610829,128.82190016314806
UA,2025-11-26,6648.710831554036,135.831292027589
UA,2025-11-27,7060.503350219042,144.24468672367348
UA,2025-11-28,7657.988099838969,156.69511723176242
UA,2025-11-29,6541.408417930542,133.8480480179928
UA,2025-11-30,7376.741978087493,150.94035587090931
UA,2025-12-01,7482.833668671843,153.04415264815103
UA,2025-12-02,6772.507572114029,137.3318727628775
UA,2025-12-03,6174.481679533641,125.53867585802755
UA,2025-12-04,5869.5461513874325,119.23670725607263
UA,2025-12-05,5591.464433707072,113.58670212948888
UA,2025-12-06,5686.698282596177,115.52131138161992
UA,2025-12-07,8489.474790878727,172.4577623161297
UA,2025-12-08,8942.802963921578,182.5207100957337
UA,2025-12-09,8907.335089441991,181.69261486045647
UA,2025-12-10,8559.375737843971,174.348452195178
UA,2025-12-11,8324.173053968665,169.13791146185565
UA,2025-12-12,8280.674530018852,167.23432568491526
UA,2025-12-13,8392.40229614045,169.49075027446912
UA,2025-12-14,6246.10444714121,126.14468321251996
UA,2025-12-15,8469.215936879513,171.20664223756694
UA,2025-12-16,6216.934795397208,125.20284595069587
UA,2025-12-17,6584.453363997964,132.5682599801476
UA,2025-12-18,6220.840384941802,125.34662899270388
UA,2025-12-19,7300.051566435394,147.19626500051206
UA,2025-12-20,7230.872980401356,145.80136670567722
UA,2025-12-21,5130.016191780822,103.44025873655728
UA,2025-12-22,5446.974736300304,110.10106091869835
UA,2025-12-23,5643.639651557315,114.03503813986781
UA,2025-12-24,8230.244904179825,165.81100735106818
UA,2025-12-25,4898.9270176546215,98.6040846662149
UA,2025-12-26,4680.379251937393,94.693722030437
UA,2025-12-27,5846.438791033319,118.28551062756453
UA,2025-12-28,7636.761181389526,154.50742377853027
UA,2025-12-29,7608.375154209248,153.53333563802076
UA,2025-12-30,7278.864056607826,146.59612419531396
UA,2025-12-31,7748.931904003429,155.42470698912737
