date,country,direction,spread_wave,spread_ave,activation_share,revenue_per_mw
2026-09-07T00:00:00Z,Hungary,DOWN,98.85650984090725,158.62605008932297,0.05449068825910931,5.386759260124449
2026-09-07T00:00:00Z,Hungary,UP,354.4163243255555,37.68325478310998,0.008646985931919236,3.0646329704856035
2026-09-07T00:00:00Z,Poland,DOWN,102.65831596835707,66.86881274432754,0.1919594429289559,19.70623314531056
2026-09-07T00:00:00Z,Poland,UP,-7.617973361464939,-28.51190802587625,0.06335106445034891,-0.4826067214032065
2026-09-07T00:00:00Z,Romania,DOWN,182.14290799835936,145.05209775651608,0.08456025996092907,15.402051650380853
2026-09-07T00:00:00Z,Romania,UP,229.65675416297123,-50.741472382031546,0.035148294477787494,8.072043224132962
2026-09-07T00:00:00Z,Slovak Republic,DOWN,NA,153.33359752747253,NA,NA
2026-09-07T00:00:00Z,Slovak Republic,UP,NA,-42.16289285714286,NA,NA
2026-09-08T00:00:00Z,Hungary,DOWN,96.97822485588573,199.9415722300007,0.050967805709194604,4.942767322477371
2026-09-08T00:00:00Z,Hungary,UP,279.2428325668996,-17.741564206237115,0.005467826227869982,1.5268512838539994
2026-09-08T00:00:00Z,Poland,DOWN,90.9846672414924,53.332456024159995,0.2591549610109973,23.579127891567527
2026-09-08T00:00:00Z,Poland,UP,77.52185264388996,10.925487660291774,0.122567086401309,9.501627610993205
2026-09-08T00:00:00Z,Romania,DOWN,220.21925880365748,161.02086955420467,0.08820808872741179,19.42511992003788
2026-09-08T00:00:00Z,Romania,UP,35.54739671379342,-52.95939528929851,0.02210478968375806,0.7857677281635158
2026-09-08T00:00:00Z,Slovak Republic,DOWN,NA,117.6209697368421,NA,NA
2026-09-08T00:00:00Z,Slovak Republic,UP,NA,-18.192222105263156,NA,NA
2026-09-09T00:00:00Z,Hungary,DOWN,79.88252172248858,169.70131172553712,0.02637829357499769,2.1071646095069334
2026-09-09T00:00:00Z,Hungary,UP,377.5659301624858,77.1973637022518,0.010576187843507107,3.9932082007069356
2026-09-09T00:00:00Z,Poland,DOWN,139.72408630963415,75.48656340008898,0.15943665701865095,22.27714122619352
2026-09-09T00:00:00Z,Poland,UP,69.62642331346508,-12.894458436531881,0.15632627323195752,10.88443927506468
2026-09-09T00:00:00Z,Romania,DOWN,93.45347068232856,121.12490533319944,0.0334499843281243,3.1260171297327144
2026-09-09T00:00:00Z,Romania,UP,133.75710936214185,18.162950656810533,0.051781038683713414,6.9260820541027535
2026-09-09T00:00:00Z,Slovak Republic,DOWN,NA,128.54548973684211,NA,NA
2026-09-09T00:00:00Z,Slovak Republic,UP,NA,-20.410090263157894,NA,NA
2026-09-10T00:00:00Z,Hungary,DOWN,109.799553941457,135.61940503179093,0.019445796792612626,2.1351398138650817
2026-09-10T00:00:00Z,Hungary,UP,216.3224426974967,9.228899051356692,0.00963704673164951,2.084709489380349
2026-09-10T00:00:00Z,Poland,DOWN,170.77899062720402,75.41962645519635,0.16660288235059595,28.4522720834176
2026-09-10T00:00:00Z,Poland,UP,21.406019814008957,-22.75419818762822,0.06284615519678334,1.3452860433766263
2026-09-10T00:00:00Z,Romania,DOWN,184.55476840567684,147.3647257446329,0.029632435779633256,5.468807322606308
2026-09-10T00:00:00Z,Romania,UP,335.5458478498046,26.603052966166043,0.08019532130777902,26.909207081806212
2026-09-10T00:00:00Z,Slovak Republic,DOWN,NA,196.49276368421053,NA,NA
2026-09-10T00:00:00Z,Slovak Republic,UP,NA,-37.66540823863637,NA,NA
2026-09-11T00:00:00Z,Hungary,DOWN,106.62130865825878,176.10291749739693,0.006683068995043166,0.7125575621049368
2026-09-11T00:00:00Z,Hungary,UP,295.162479126303,-11.39978788822509,0.01905889400676269,5.625470404441515
2026-09-11T00:00:00Z,Poland,DOWN,57.60866982691357,49.878947673978345,0.02948270415775368,1.6984593694286036
2026-09-11T00:00:00Z,Poland,UP,52.29791466149287,-5.692024126664998,0.14236103912173725,7.445185475110064
2026-09-11T00:00:00Z,Romania,DOWN,159.83152071755322,151.43655142942424,0.00866768963906865,1.3853700161201223
2026-09-11T00:00:00Z,Romania,UP,171.36188928700633,59.237436805538906,0.08662014572614975,14.843391821948828
2026-09-11T00:00:00Z,Slovak Republic,DOWN,NA,204.08513157894737,NA,NA
2026-09-12T00:00:00Z,Hungary,DOWN,0,NA,0.04745990356877096,0
2026-09-12T00:00:00Z,Hungary,UP,0,NA,0.007486325833446773,0
2026-09-12T00:00:00Z,Poland,DOWN,0,NA,0.057265603846618614,0
2026-09-12T00:00:00Z,Poland,UP,0,NA,0.1999065630195951,0
2026-09-12T00:00:00Z,Romania,DOWN,0,NA,0.0073297783167769436,0
2026-09-12T00:00:00Z,Romania,UP,0,NA,0.07412745303809423,0
2026-09-12T00:00:00Z,Slovak Republic,DOWN,NA,142.61622807017542,NA,NA
2026-09-13T00:00:00Z,Hungary,DOWN,0,NA,0.03025962115995957,0
2026-09-13T00:00:00Z,Hungary,UP,0,NA,0.011153711369981709,0
2026-09-13T00:00:00Z,Poland,DOWN,0,NA,0.01914903984438397,0
2026-09-13T00:00:00Z,Poland,UP,0,NA,0.2382263199947654,0
2026-09-13T00:00:00Z,Romania,DOWN,0,NA,0.03689524647887324,0
2026-09-13T00:00:00Z,Romania,UP,0,NA,0.07805889250237827,0
2026-09-13T00:00:00Z,Slovak Republic,DOWN,NA,196.905,NA,NA
